timestamp,project_name,run_id,duration,emissions,emissions_rate,cpu_power,gpu_power,ram_power,cpu_energy,gpu_energy,ram_energy,energy_consumed,country_name,country_iso_code,region,cloud_provider,cloud_region,os,python_version,codecarbon_version,cpu_count,cpu_model,gpu_count,gpu_model,longitude,latitude,ram_total_size,tracking_mode,on_cloud,pue
2025-08-09T21:55:46,codecarbon,dff09ae7-28b6-41ce-aec2-238bfcb3d49b,0.6181645393371582,3.559955195513005e-06,5.758912019331056e-06,42.5,0.0,5.906280040740967,7.297775811619229e-06,0.0,9.734763358270016e-07,8.27125214744623e-06,Türkiye,TUR,,,,Windows-10-10.0.26100-SP0,3.11.9,2.3.4,20,12th Gen Intel(R) Core(TM) i7-12700H,1,1 x NVIDIA GeForce RTX 3050 Ti Laptop GPU,28.9948,41.0214,15.750080108642578,machine,N,1.0
2025-08-09T21:57:39,codecarbon,7e337775-650b-4f9e-9cc0-2d996e631430,6.246840000152588,3.618404155604602e-05,5.792375273764364e-06,42.5,0.6689497513727594,5.906280040740967,7.374741666846805e-05,1.053334175999906e-06,9.269782346779322e-06,8.407053319124728e-05,Türkiye,TUR,,,,Windows-10-10.0.26100-SP0,3.11.9,2.3.4,20,12th Gen Intel(R) Core(TM) i7-12700H,1,1 x NVIDIA GeForce RTX 3050 Ti Laptop GPU,28.9948,41.0214,15.750080108642578,machine,N,1.0
2025-08-09T21:59:11,codecarbon,6af0acae-7c24-4f8b-b7c5-0b344a1804e7,6.333801984786987,3.662863295558368e-05,5.783040430307286e-06,42.5,0.5377324213594081,5.906280040740967,7.477405120929082e-05,8.641673580001225e-07,9.465284806501586e-06,8.510350337379253e-05,Türkiye,TUR,,,,Windows-10-10.0.26100-SP0,3.11.9,2.3.4,20,12th Gen Intel(R) Core(TM) i7-12700H,1,1 x NVIDIA GeForce RTX 3050 Ti Laptop GPU,28.9948,41.0214,15.750080108642578,machine,N,1.0
2025-08-09T22:08:26,codecarbon,170a382c-a55f-4764-ab8c-e939f3cbe79a,6.292373895645142,3.636951527764461e-05,5.779935503008715e-06,42.5,0.5658096595144201,5.906280040740967,7.427312549617556e-05,8.958340499999606e-07,9.332506011861311e-06,8.450146555803683e-05,Türkiye,TUR,,,,Windows-10-10.0.26100-SP0,3.11.9,2.3.4,20,12th Gen Intel(R) Core(TM) i7-12700H,1,1 x NVIDIA GeForce RTX 3050 Ti Laptop GPU,28.9948,41.0214,15.750080108642578,machine,N,1.0
2025-08-09T22:08:49,codecarbon,f3b9f82c-3934-487e-b1bb-41afd9d4ff86,6.43757176399231,3.7230732943657e-05,5.783350354539283e-06,42.5,0.6459415213907735,5.906280040740967,7.594691597753101e-05,1.0419452780001002e-06,9.51357006701926e-06,8.650243132255037e-05,Türkiye,TUR,,,,Windows-10-10.0.26100-SP0,3.11.9,2.3.4,20,12th Gen Intel(R) Core(TM) i7-12700H,1,1 x NVIDIA GeForce RTX 3050 Ti Laptop GPU,28.9948,41.0214,15.750080108642578,machine,N,1.0
2025-08-09T22:09:43,codecarbon,afa8e96d-1b52-4a7f-aef1-4f330a259b48,6.231864929199219,3.604368766620675e-05,5.783772285776785e-06,42.5,0.5620674104079758,5.906280040740967,7.357062763637967e-05,8.86111820000055e-07,9.287693447369918e-06,8.374443290374963e-05,Türkiye,TUR,,,,Windows-10-10.0.26100-SP0,3.11.9,2.3.4,20,12th Gen Intel(R) Core(TM) i7-12700H,1,1 x NVIDIA GeForce RTX 3050 Ti Laptop GPU,28.9948,41.0214,15.750080108642578,machine,N,1.0
2025-08-09T22:13:40,codecarbon,6f733dd1-0e93-4efb-a7cc-32c48ab60435,6.239849328994751,3.60724023964132e-05,5.7809733047231314e-06,42.5,0.5475115039014873,5.906280040740967,7.366488791174359e-05,8.633340239999013e-07,9.282927193587513e-06,8.381114912933101e-05,Türkiye,TUR,,,,Windows-10-10.0.26100-SP0,3.11.9,2.3.4,20,12th Gen Intel(R) Core(TM) i7-12700H,1,1 x NVIDIA GeForce RTX 3050 Ti Laptop GPU,28.9948,41.0214,15.750080108642578,machine,N,1.0
2025-08-09T22:15:28,codecarbon,718a1267-2bf4-4fb9-95b4-0052a740df83,6.334315299987793,3.668055646696118e-05,5.790768967094497e-06,42.5,0.69751879559945,5.906280040740967,7.476037194331487e-05,1.1075008859999689e-06,9.35627039284583e-06,8.522414322216068e-05,Türkiye,TUR,,,,Windows-10-10.0.26100-SP0,3.11.9,2.3.4,20,12th Gen Intel(R) Core(TM) i7-12700H,1,1 x NVIDIA GeForce RTX 3050 Ti Laptop GPU,28.9948,41.0214,15.750080108642578,machine,N,1.0
2025-08-09T22:32:23,codecarbon,40711023-d30d-4b5a-8245-3430ac889ce8,0.7041730880737305,4.231291172867464e-06,6.0088794140687565e-06,42.5,2.241982444493256,5.906280040740967,8.277720709641776e-06,4.341670139999636e-07,1.119156286171119e-06,9.831044009812858e-06,Türkiye,TUR,,,,Windows-10-10.0.26100-SP0,3.11.9,2.3.4,20,12th Gen Intel(R) Core(TM) i7-12700H,1,1 x NVIDIA GeForce RTX 3050 Ti Laptop GPU,28.9948,41.0214,15.750080108642578,machine,N,1.0
2025-08-10T13:19:15,codecarbon,efc03357-d293-42d1-a875-de901eddb32c,0.6702282428741455,3.957956052987229e-06,5.905385359492301e-06,42.5,1.084705977873364,5.906280040740967,7.912416756153106e-06,2.0194460599587405e-07,1.08161181864574e-06,9.19597318079472e-06,Türkiye,TUR,,,,Windows-10-10.0.26100-SP0,3.11.9,2.3.4,20,12th Gen Intel(R) Core(TM) i7-12700H,1,1 x NVIDIA GeForce RTX 3050 Ti Laptop GPU,28.9948,41.0214,15.750080108642578,machine,N,1.0
2025-08-10T13:23:16,codecarbon,f4092e57-0815-4df0-9306-48832f1e4e83,5.282825946807861,3.051779504735264e-05,5.776793586355607e-06,42.5,0.6663124811518444,5.906280040740967,6.231703327761757e-05,8.76111812014857e-07,7.712347805023114e-06,7.090549289465554e-05,Türkiye,TUR,,,,Windows-10-10.0.26100-SP0,3.11.9,2.3.4,20,12th Gen Intel(R) Core(TM) i7-12700H,1,1 x NVIDIA GeForce RTX 3050 Ti Laptop GPU,28.9948,41.0214,15.750080108642578,machine,N,1.0
2025-08-10T13:31:30,codecarbon,1daca550-65a1-4431-9902-211069c9d1cb,0.649369478225708,3.838532455590681e-06,5.911168578601539e-06,42.5,1.1457276946012265,5.906280040740967,7.66616745127572e-06,2.066668320088727e-07,1.0456683586485835e-06,8.918502641933175e-06,Türkiye,TUR,,,,Windows-10-10.0.26100-SP0,3.11.9,2.3.4,20,12th Gen Intel(R) Core(TM) i7-12700H,1,1 x NVIDIA GeForce RTX 3050 Ti Laptop GPU,28.9948,41.0214,15.750080108642578,machine,N,1.0
2025-08-10T20:08:55,codecarbon,f745a625-25a4-4f5a-aa9c-f8cfb5d213e7,0.6848485469818115,4.121298512946749e-06,6.017824716296294e-06,42.5,2.0705324420436,5.906280040740967,8.085017568535275e-06,3.938892040034059e-07,1.096578676953186e-06,9.575485449491866e-06,Türkiye,TUR,,,,Windows-10-10.0.26100-SP0,3.11.9,2.3.4,20,12th Gen Intel(R) Core(TM) i7-12700H,1,1 x NVIDIA GeForce RTX 3050 Ti Laptop GPU,28.9948,41.0214,15.750080108642578,machine,N,1.0
2025-08-10T22:31:57,json_parsing,42795164-4f9a-4c35-8f1c-80aa2cecaf90,0.5086555480957031,2.9496933491162403e-06,5.79899965735016e-06,42.5,0.4288645646727644,5.906280040740967,5.993156631787619e-06,6.000004799944225e-08,8.002041374885493e-07,6.853360817275611e-06,Türkiye,TUR,,,,Windows-10-10.0.26100-SP0,3.11.9,2.3.2,20,12th Gen Intel(R) Core(TM) i7-12700H,1,1 x NVIDIA GeForce RTX 3050 Ti Laptop GPU,28.9948,41.0214,15.750080108642578,machine,N,1.0
2025-08-10T22:33:56,json_parsing,4d88fed9-bccb-4d8b-a5a9-49e938ff8861,0.5041635036468506,2.9298117074842865e-06,5.811233233448251e-06,42.5,0.4301396190418764,5.906280040740967,5.95193025138643e-06,6.000004801332004e-08,7.952372199235925e-07,6.807167519323343e-06,Türkiye,TUR,,,,Windows-10-10.0.26100-SP0,3.11.9,2.3.2,20,12th Gen Intel(R) Core(TM) i7-12700H,1,1 x NVIDIA GeForce RTX 3050 Ti Laptop GPU,28.9948,41.0214,15.750080108642578,machine,N,1.0
2025-08-10T22:35:19,json_parsing,be4f1398-fcf5-44e7-a1be-2de619e3e17c,0.5157248973846436,2.9843668095423014e-06,5.78674177779024e-06,42.5,0.4516035988508322,5.906280040740967,6.076701482137045e-06,6.444449600351287e-08,7.92775665959482e-07,6.93392164410004e-06,Türkiye,TUR,,,,Windows-10-10.0.26100-SP0,3.11.9,2.3.2,20,12th Gen Intel(R) Core(TM) i7-12700H,1,1 x NVIDIA GeForce RTX 3050 Ti Laptop GPU,28.9948,41.0214,15.750080108642578,machine,N,1.0
2025-08-10T22:35:37,json_parsing,9ea4abf7-629a-4f22-927e-8e0f7fa8f863,0.5144107341766357,2.983286158811963e-06,5.799424391069525e-06,42.5,0.4399756426800063,5.906280040740967,6.061071654160818e-06,6.25000500104056e-08,8.078391401622299e-07,6.931410844333453e-06,Türkiye,TUR,,,,Windows-10-10.0.26100-SP0,3.11.9,2.3.2,20,12th Gen Intel(R) Core(TM) i7-12700H,1,1 x NVIDIA GeForce RTX 3050 Ti Laptop GPU,28.9948,41.0214,15.750080108642578,machine,N,1.0
2025-08-10T22:36:17,json_parsing,e8c1fa1f-9231-42e7-807d-8f540deeafd5,2.236032009124756,1.2996690970700398e-05,5.812390394083696e-06,42.5,1.9678215348105408,5.906280040740967,2.639760010772281e-05,9.5694521000389e-07,2.842157224089874e-06,3.019670254181658e-05,Türkiye,TUR,,,,Windows-10-10.0.26100-SP0,3.11.9,2.3.2,20,12th Gen Intel(R) Core(TM) i7-12700H,1,1 x NVIDIA GeForce RTX 3050 Ti Laptop GPU,28.9948,41.0214,15.750080108642578,machine,N,1.0
2025-08-10T22:37:00,json_parsing,a3e810af-31f8-405f-b5a6-b054a5976f09,13.541505575180054,7.907920136648072e-05,5.839764339899055e-06,42.5,1.0698728628809893,5.906280040740967,0.0001598177212807,3.673336271992067e-06,2.0242719474878472e-05,0.0001837337770276,Türkiye,TUR,,,,Windows-10-10.0.26100-SP0,3.11.9,2.3.2,20,12th Gen Intel(R) Core(TM) i7-12700H,1,1 x NVIDIA GeForce RTX 3050 Ti Laptop GPU,28.9948,41.0214,15.750080108642578,machine,N,1.0
2025-08-10T22:39:48,json_parsing,93ea7687-110a-434c-a654-dd0b03574980,0.5038983821868896,2.938104582854559e-06,5.830748195902825e-06,42.5,0.5474012813436185,5.906280040740967,5.948800345261892e-06,7.555561599981164e-08,8.020793464038433e-07,6.826435307665547e-06,Türkiye,TUR,,,,Windows-10-10.0.26100-SP0,3.11.9,2.3.2,20,12th Gen Intel(R) Core(TM) i7-12700H,1,1 x NVIDIA GeForce RTX 3050 Ti Laptop GPU,28.9948,41.0214,15.750080108642578,machine,N,1.0
2025-08-10T22:40:01,json_parsing,5916bc94-71e3-4f53-9eff-7069d23c2ab0,0.5312480926513672,3.095250839638509e-06,5.826375440127509e-06,42.5,0.4281011991698387,5.906280040740967,6.271678871578641e-06,6.30556059866283e-08,8.568167494033218e-07,7.191551226968591e-06,Türkiye,TUR,,,,Windows-10-10.0.26100-SP0,3.11.9,2.3.2,20,12th Gen Intel(R) Core(TM) i7-12700H,1,1 x NVIDIA GeForce RTX 3050 Ti Laptop GPU,28.9948,41.0214,15.750080108642578,machine,N,1.0
2025-08-10T22:40:20,json_parsing,e379d99f-579a-4247-93ef-9b9b1a98f8a6,4.848151445388794,6.9559646927073e-05,1.4347663787036405e-05,42.5,0.0,5.906280040740967,0.0001480735366543,4.738337123999514e-06,8.80403075507104e-06,0.0001616159045333,Türkiye,TUR,,,,Windows-10-10.0.26100-SP0,3.11.9,2.3.2,20,12th Gen Intel(R) Core(TM) i7-12700H,1,1 x NVIDIA GeForce RTX 3050 Ti Laptop GPU,28.9948,41.0214,15.750080108642578,machine,N,1.0
2025-08-10T22:42:31,json_parsing,18aa11b8-6893-402c-b1e2-7f6662a3e2e1,0.9679341316223145,5.17501468660658e-06,5.346453356214386e-06,42.5,0.0,0.0427350997924804,1.0695013072755604e-05,1.3188899440075286e-06,9.802055034053108e-09,1.2023705071797184e-05,Türkiye,TUR,,,,Windows-10-10.0.26100-SP0,3.11.9,2.3.2,20,12th Gen Intel(R) Core(TM) i7-12700H,1,1 x NVIDIA GeForce RTX 3050 Ti Laptop GPU,28.9948,41.0214,15.750080108642578,process,N,1.0
2025-08-10T23:16:05,json_parsing,78890615-36e4-4346-ab1f-c0f0c4b0c8eb,4.627943992614746,2.396650003722496e-05,5.178649541885252e-06,42.5,0.8738323277093438,0.0429854393005371,5.4628655314445496e-05,1.0061119160159615e-06,4.9350690326264164e-08,5.568411792078772e-05,Türkiye,TUR,,,,Windows-10-10.0.26100-SP0,3.11.9,2.3.2,20,12th Gen Intel(R) Core(TM) i7-12700H,1,1 x NVIDIA GeForce RTX 3050 Ti Laptop GPU,28.9948,41.0214,15.750080108642578,process,N,1.0
2025-08-10T23:22:53,json_parsing,ff62f0db-2429-4916-8f76-004fc3352e1a,14.952945232391356,7.643187573374359e-05,5.111493056777563e-06,42.5,0.23738305648976,0.0429797172546386,0.0001765108701255,9.080562819868688e-07,1.64015392644501e-07,0.0001775829418001,Türkiye,TUR,,,,Windows-10-10.0.26100-SP0,3.11.9,2.3.2,20,12th Gen Intel(R) Core(TM) i7-12700H,1,1 x NVIDIA GeForce RTX 3050 Ti Laptop GPU,28.9948,41.0214,15.750080108642578,process,N,1.0
2025-08-10T23:31:43,json_parsing,bdda34aa-95fb-4a52-8568-ee33f8def9bf,2.067617177963257,1.10669428225943e-05,5.352510581042856e-06,42.5,3.0302936107863863,0.0431742668151855,2.4362145033147603e-05,1.3322232880058626e-06,1.8729052212999403e-08,2.5713097373366463e-05,Türkiye,TUR,,,,Windows-10-10.0.26100-SP0,3.11.9,2.3.2,20,12th Gen Intel(R) Core(TM) i7-12700H,1,1 x NVIDIA GeForce RTX 3050 Ti Laptop GPU,28.9948,41.0214,15.750080108642578,process,N,1.0
2025-08-10T23:40:00,json_parsing,3c954799-321d-437f-a8fa-acabf06f1da5,1.5323388576507568,8.222487128284772e-06,5.365971819634428e-06,42.5,3.477356155989624,0.0434002876281738,1.8075396451685163e-05,1.016389701999354e-06,1.2461114060613453e-08,1.910424726774513e-05,Türkiye,TUR,,,,Windows-10-10.0.26100-SP0,3.11.9,2.3.2,20,12th Gen Intel(R) Core(TM) i7-12700H,1,1 x NVIDIA GeForce RTX 3050 Ti Laptop GPU,28.9948,41.0214,15.750080108642578,process,N,1.0
2025-08-10T23:42:08,json_parsing,b5f59ff1-dd71-4e39-a092-3a3833c7db96,2.420147657394409,1.3370085596936617e-05,5.52449167970651e-06,42.5,4.64884918569232,0.0426878929138183,2.8571187622017333e-05,2.470557532011086e-06,2.25079423552188e-08,3.106425309638364e-05,Türkiye,TUR,,,,Windows-10-10.0.26100-SP0,3.11.9,2.3.2,20,12th Gen Intel(R) Core(TM) i7-12700H,1,1 x NVIDIA GeForce RTX 3050 Ti Laptop GPU,28.9948,41.0214,15.750080108642578,process,N,1.0
2025-08-10T23:43:02,json_parsing,3232c56c-90d5-493e-b04f-34f118ff1da1,4.321679592132568,2.242195233358548e-05,5.188249581112786e-06,42.5,0.9793218568656428,0.0427050590515136,5.100802381833395e-05,1.0422230559969936e-06,4.524624391336828e-08,5.209549311824431e-05,Türkiye,TUR,,,,Windows-10-10.0.26100-SP0,3.11.9,2.3.2,20,12th Gen Intel(R) Core(TM) i7-12700H,1,1 x NVIDIA GeForce RTX 3050 Ti Laptop GPU,28.9948,41.0214,15.750080108642578,process,N,1.0
2025-08-10T23:49:51,json_parsing,399fbdc2-ebd7-4cce-8b0f-0f4326acfd60,7.98402214050293,4.2044051120248645e-05,5.266023863706396e-06,42.5,1.779915006130995,0.0434160232543945,9.423796915345722e-05,3.3658360259897213e-06,8.19602352445751e-08,9.768576541469152e-05,Türkiye,TUR,,,,Windows-10-10.0.26100-SP0,3.11.9,2.3.2,20,12th Gen Intel(R) Core(TM) i7-12700H,1,1 x NVIDIA GeForce RTX 3050 Ti Laptop GPU,28.9948,41.0214,15.750080108642578,process,N,1.0
2025-08-10T23:52:13,json_parsing,fea5b4d2-a743-45e4-955f-c00240289d0f,1.8095338344573968,1.1080454367903923e-05,6.12337506871016e-06,42.5,8.82482176153978,0.0434517860412597,2.1304589841100907e-05,4.418614645979035e-06,2.1285808955440192e-08,2.5744490296035382e-05,Türkiye,TUR,,,,Windows-10-10.0.26100-SP0,3.11.9,2.3.2,20,12th Gen Intel(R) Core(TM) i7-12700H,1,1 x NVIDIA GeForce RTX 3050 Ti Laptop GPU,28.9948,41.0214,15.750080108642578,process,N,1.0
2025-08-10T23:52:41,json_parsing,acb545cc-9b75-48c4-9405-249fb6f79596,2.190882921218872,1.2500368676349178e-05,5.705630618269069e-06,42.5,7.143348684249225,0.0433173179626464,2.585269527302848e-05,3.171946981989082e-06,1.8897784037127018e-08,2.904354003905469e-05,Türkiye,TUR,,,,Windows-10-10.0.26100-SP0,3.11.9,2.3.2,20,12th Gen Intel(R) Core(TM) i7-12700H,1,1 x NVIDIA GeForce RTX 3050 Ti Laptop GPU,28.9948,41.0214,15.750080108642578,process,N,1.0
2025-08-11T00:01:41,json_parsing,1f44367b-1f62-43ac-a43d-5d12cad0831e,1.820814847946167,9.69711759297655e-06,5.325702173350933e-06,42.5,2.7729586777041018,0.042755126953125,2.148393458790249e-05,1.0308341580056446e-06,1.565658529822637e-08,2.2530425331206364e-05,Türkiye,TUR,,,,Windows-10-10.0.26100-SP0,3.11.9,2.3.2,20,12th Gen Intel(R) Core(TM) i7-12700H,1,1 x NVIDIA GeForce RTX 3050 Ti Laptop GPU,28.9948,41.0214,15.750080108642578,process,N,1.0
2025-08-11T00:01:49,json_parsing,4108e525-c3b3-47ba-924e-24243c6d186d,1.6844358444213867,9.03218287185794e-06,5.362141218836712e-06,42.5,3.249853906462301,0.0431385040283203,1.9885700941085817e-05,1.0855564240019875e-06,1.4248876435658533e-08,2.0985506241523463e-05,Türkiye,TUR,,,,Windows-10-10.0.26100-SP0,3.11.9,2.3.2,20,12th Gen Intel(R) Core(TM) i7-12700H,1,1 x NVIDIA GeForce RTX 3050 Ti Laptop GPU,28.9948,41.0214,15.750080108642578,process,N,1.0
2025-08-11T00:01:56,json_parsing,570f64be-623d-4a2b-866e-d2f287c50120,1.4802134037017822,7.979502036211681e-06,5.390778124462455e-06,42.5,4.344797608784281,0.0432014465332031,1.7462849617004395e-05,1.0663897419826984e-06,1.045277976648625e-08,1.853969213875358e-05,Türkiye,TUR,,,,Windows-10-10.0.26100-SP0,3.11.9,2.3.2,20,12th Gen Intel(R) Core(TM) i7-12700H,1,1 x NVIDIA GeForce RTX 3050 Ti Laptop GPU,28.9948,41.0214,15.750080108642578,process,N,1.0
2025-08-11T01:10:37,json_parsing,9969fce1-f1d8-4ce9-bc53-149d48647f4e,0.4923648834228515,2.5300592481350748e-06,5.138585901062761e-06,42.5,0.4446585830580917,0.0389928817749023,5.812640984853109e-06,6.055560400342054e-08,5.1801996153244546e-09,5.878376788471855e-06,Türkiye,TUR,,,,Windows-10-10.0.26100-SP0,3.11.9,2.3.2,20,12th Gen Intel(R) Core(TM) i7-12700H,1,1 x NVIDIA GeForce RTX 3050 Ti Laptop GPU,28.9948,41.0214,15.750080108642578,process,N,1.0
2025-08-11T01:10:43,json_parsing,d3804d1d-7b69-4180-859d-917592563097,0.5030326843261719,2.5850312976963565e-06,5.138893312984398e-06,42.5,0.4470766376401139,0.0389943122863769,5.938580301072862e-06,6.222227201535535e-08,5.297082108578858e-09,6.006099655196796e-06,Türkiye,TUR,,,,Windows-10-10.0.26100-SP0,3.11.9,2.3.2,20,12th Gen Intel(R) Core(TM) i7-12700H,1,1 x NVIDIA GeForce RTX 3050 Ti Laptop GPU,28.9948,41.0214,15.750080108642578,process,N,1.0
2025-08-11T01:10:49,json_parsing,c9755453-02ce-4f17-9c39-b928665cd686,0.4991462230682373,2.5597026125788585e-06,5.128161837716493e-06,42.5,0.4425259643350857,0.0389785766601562,5.880890952216255e-06,6.111115997964324e-08,5.2485042730647075e-09,5.947250616468963e-06,Türkiye,TUR,,,,Windows-10-10.0.26100-SP0,3.11.9,2.3.2,20,12th Gen Intel(R) Core(TM) i7-12700H,1,1 x NVIDIA GeForce RTX 3050 Ti Laptop GPU,28.9948,41.0214,15.750080108642578,process,N,1.0
2025-08-11T01:11:59,json_parsing,f3555b0b-993d-4069-9da3-08275a033279,4.561381578445435,2.374046677451785e-05,5.2046658158795926e-06,42.5,1.1150580437333275,0.0389041900634765,5.384964363442528e-05,1.2652787899913864e-06,4.4026496514864754e-08,5.5158948920931526e-05,Türkiye,TUR,,,,Windows-10-10.0.26100-SP0,3.11.9,2.3.2,20,12th Gen Intel(R) Core(TM) i7-12700H,1,1 x NVIDIA GeForce RTX 3050 Ti Laptop GPU,28.9948,41.0214,15.750080108642578,process,N,1.0
2025-08-11T01:12:08,json_parsing,2541353d-c52e-4fae-95ee-81901b7d7518,4.100561618804932,2.300957267401677e-05,5.611322256077373e-06,42.5,5.02590549284128,0.0387611389160156,4.839769899845124e-05,5.024448464008291e-06,3.863137870666833e-08,5.34607788411662e-05,Türkiye,TUR,,,,Windows-10-10.0.26100-SP0,3.11.9,2.3.2,20,12th Gen Intel(R) Core(TM) i7-12700H,1,1 x NVIDIA GeForce RTX 3050 Ti Laptop GPU,28.9948,41.0214,15.750080108642578,process,N,1.0
2025-08-11T01:12:18,json_parsing,480075ec-0be9-489a-9543-cae23a1022e1,4.6368279457092285,2.402418700876008e-05,5.181168525131774e-06,42.5,0.9039304774938068,0.038949966430664,5.472852802938886e-05,1.0447230579940792e-06,4.4897589688162046e-08,5.58181486770711e-05,Türkiye,TUR,,,,Windows-10-10.0.26100-SP0,3.11.9,2.3.2,20,12th Gen Intel(R) Core(TM) i7-12700H,1,1 x NVIDIA GeForce RTX 3050 Ti Laptop GPU,28.9948,41.0214,15.750080108642578,process,N,1.0
2025-08-13T22:29:22,codecarbon,60f3d161-2232-4088-9967-417521d35047,6.086724519729614,3.5310375158462366e-05,5.801211315545283e-06,42.5,0.6423071115903374,5.906280040740967,7.185716446903018e-05,1.0002785779950063e-06,9.18320081407728e-06,8.204064386110246e-05,Türkiye,TUR,ankara,,,Windows-10-10.0.26100-SP0,3.11.9,2.3.2,20,12th Gen Intel(R) Core(TM) i7-12700H,1,1 x NVIDIA GeForce RTX 3050 Ti Laptop GPU,32.8262,39.9786,15.750080108642578,machine,N,1.0
2025-08-13T22:44:47,codecarbon,d5c2812a-494c-47a2-8e19-b95636d11d2c,6.112648963928223,3.5520135452708795e-05,5.810923490342588e-06,42.5,0.7608347123123037,5.906280040740967,7.216321693526375e-05,1.1875009499895397e-06,9.177286121960436e-06,8.252800400721372e-05,Türkiye,TUR,ankara,,,Windows-10-10.0.26100-SP0,3.11.9,2.3.2,20,12th Gen Intel(R) Core(TM) i7-12700H,1,1 x NVIDIA GeForce RTX 3050 Ti Laptop GPU,32.8262,39.9786,15.750080108642578,machine,N,1.0
2025-08-13T22:58:59,codecarbon,c35d5933-f082-42d0-a2bf-5e28ee644536,0.829564094543457,5.110762194898401e-06,6.160780376724311e-06,42.5,3.46168815274954,5.906280040740967,9.775681959258187e-06,7.952784139841906e-07,1.3034595163452422e-06,1.187441988958762e-05,Türkiye,TUR,ankara,,,Windows-10-10.0.26100-SP0,3.11.9,2.3.2,20,12th Gen Intel(R) Core(TM) i7-12700H,1,1 x NVIDIA GeForce RTX 3050 Ti Laptop GPU,32.8262,39.9786,15.750080108642578,machine,N,1.0
2025-08-13T23:21:05,codecarbon,131bfd18-ecc1-499b-a213-582882122a7b,1.5181705951690674,8.927098318154031e-06,5.880168109276208e-06,42.5,4.069090176788471,5.906280040740967,1.7911048233509063e-05,1.1650009320018917e-06,1.6653020817074095e-06,2.0741351247218363e-05,Türkiye,TUR,ankara,,,Windows-10-10.0.26100-SP0,3.11.9,2.3.2,20,12th Gen Intel(R) Core(TM) i7-12700H,1,1 x NVIDIA GeForce RTX 3050 Ti Laptop GPU,32.8262,39.9786,15.750080108642578,machine,N,1.0
2025-08-13T23:24:04,codecarbon,ce8b9fbf-54a0-4b24-9ee9-e6d6cec6692d,0.8491024971008301,5.281668015398799e-06,6.220294997874215e-06,42.5,3.9286752799645024,5.906280040740967,1.000633521212472e-05,9.23889627996166e-07,1.341280141045047e-06,1.2271504981165932e-05,Türkiye,TUR,ankara,,,Windows-10-10.0.26100-SP0,3.11.9,2.3.2,20,12th Gen Intel(R) Core(TM) i7-12700H,1,1 x NVIDIA GeForce RTX 3050 Ti Laptop GPU,32.8262,39.9786,15.750080108642578,machine,N,1.0
2025-08-13T23:25:58,codecarbon,b08e8bbd-04f8-4578-a927-dd0fb31efaf5,0.90142560005188,6.929687323429798e-06,7.68747561976382e-06,42.5,16.12602217873951,5.906280040740967,1.0630028115378488e-05,4.024447663980579e-06,1.4460614485511768e-06,1.6100537227910244e-05,Türkiye,TUR,ankara,,,Windows-10-10.0.26100-SP0,3.11.9,2.3.2,20,12th Gen Intel(R) Core(TM) i7-12700H,1,1 x NVIDIA GeForce RTX 3050 Ti Laptop GPU,32.8262,39.9786,15.750080108642578,machine,N,1.0
2025-08-13T23:26:45,codecarbon,31cc5a90-9b91-4056-85f8-c3edf465aac6,0.9898314476013184,6.298617065173775e-06,6.363322846972948e-06,42.5,4.922016407521007,5.906280040740967,1.1685510145293344e-05,1.3519455260013746e-06,1.596843656945168e-06,1.4634299328239886e-05,Türkiye,TUR,ankara,,,Windows-10-10.0.26100-SP0,3.11.9,2.3.2,20,12th Gen Intel(R) Core(TM) i7-12700H,1,1 x NVIDIA GeForce RTX 3050 Ti Laptop GPU,32.8262,39.9786,15.750080108642578,machine,N,1.0
2025-08-13T23:27:51,codecarbon,78c605a7-d571-4b87-8bc4-154b7ce4bb28,0.8457942008972168,5.199137236011072e-06,6.147047627538516e-06,42.5,3.3656769717717507,5.906280040740967,9.973274171352387e-06,7.866672959710996e-07,1.3198102897845844e-06,1.2079751757108072e-05,Türkiye,TUR,ankara,,,Windows-10-10.0.26100-SP0,3.11.9,2.3.2,20,12th Gen Intel(R) Core(TM) i7-12700H,1,1 x NVIDIA GeForce RTX 3050 Ti Laptop GPU,32.8262,39.9786,15.750080108642578,machine,N,1.0
2025-08-13T23:28:59,codecarbon,6574b4df-1331-4989-883b-b963e0b63b59,3.164623975753784,1.8379659590839407e-05,5.807849441721285e-06,42.5,1.3025953447139562,5.906280040740967,3.73601441582044e-05,9.69167441966512e-07,4.374259234560896e-06,4.2703570834731806e-05,Türkiye,TUR,ankara,,,Windows-10-10.0.26100-SP0,3.11.9,2.3.2,20,12th Gen Intel(R) Core(TM) i7-12700H,1,1 x NVIDIA GeForce RTX 3050 Ti Laptop GPU,32.8262,39.9786,15.750080108642578,machine,N,1.0
2025-08-13T23:53:14,codecarbon,de5eb31e-3614-4dd3-98b6-33dc45bf4c28,3.577644109725952,2.0771887314493218e-05,5.806023930112027e-06,42.5,1.1864207923262806,5.906280040740967,4.222428566879696e-05,1.0136119219794626e-06,5.023810245620837e-06,4.826170783639726e-05,Türkiye,TUR,ankara,,,Windows-10-10.0.26100-SP0,3.11.9,2.3.2,20,12th Gen Intel(R) Core(TM) i7-12700H,1,1 x NVIDIA GeForce RTX 3050 Ti Laptop GPU,32.8262,39.9786,15.750080108642578,machine,N,1.0
2025-08-14T00:56:43,codecarbon,5f744644-01f3-4a68-8f25-ab82d9e25d84,6.339519500732422,3.676939984657593e-05,5.8000294568583405e-06,42.5,0.6534646190427899,5.906280040740967,7.479989545212852e-05,1.0619452940063834e-06,9.568722488095318e-06,8.543056323423022e-05,Türkiye,TUR,ankara,,,Windows-10-10.0.26100-SP0,3.11.9,2.3.2,20,12th Gen Intel(R) Core(TM) i7-12700H,1,1 x NVIDIA GeForce RTX 3050 Ti Laptop GPU,32.8262,39.9786,15.750080108642578,machine,N,1.0
2025-08-14T01:04:00,codecarbon,9b84552f-a7ea-4af9-9f5c-19a9a6a9335b,1.6838312149047852,9.939677727395802e-06,5.903013104527735e-06,42.5,3.900710312570668,5.906280040740967,1.987856295373705e-05,1.2913899219701983e-06,1.9240402316410155e-06,2.3093993107348267e-05,Türkiye,TUR,ankara,,,Windows-10-10.0.26100-SP0,3.11.9,2.3.2,20,12th Gen Intel(R) Core(TM) i7-12700H,1,1 x NVIDIA GeForce RTX 3050 Ti Laptop GPU,32.8262,39.9786,15.750080108642578,machine,N,1.0
2025-08-14T01:33:17,codecarbon,5e3414b2-0fa5-46a5-8616-4f66dd6e424f,0.8222873210906982,5.07332342918056e-06,6.169769737482031e-06,42.5,3.378188286946676,5.906280040740967,9.695711731910708e-06,7.694450600004288e-07,1.322277319953287e-06,1.1787434111864422e-05,Türkiye,TUR,ankara,,,Windows-10-10.0.26100-SP0,3.11.9,2.3.2,20,12th Gen Intel(R) Core(TM) i7-12700H,1,1 x NVIDIA GeForce RTX 3050 Ti Laptop GPU,32.8262,39.9786,15.750080108642578,machine,N,1.0
2025-08-14T02:14:21,json_parsing,3a3187b2-43e9-476a-8820-5ca759dd0722,0.5080521106719971,2.604602453096773e-06,5.126644291767006e-06,42.5,0.4408357839512749,0.043004035949707,5.983859797318777e-06,6.194449400642732e-08,5.767273556784858e-09,6.051571564881989e-06,Türkiye,TUR,ankara,,,Windows-10-10.0.26100-SP0,3.11.9,2.3.2,20,12th Gen Intel(R) Core(TM) i7-12700H,1,1 x NVIDIA GeForce RTX 3050 Ti Laptop GPU,32.8262,39.9786,15.750080108642578,process,N,1.0
2025-08-14T02:14:27,json_parsing,6d860b4f-402e-4e3d-9175-040884cd55c5,0.5018913745880127,2.579114303809308e-06,5.138789854530623e-06,42.5,0.5261145669134019,0.0435619354248046,5.913400318887499e-06,7.305561397497051e-08,5.8960918988759664e-09,5.9923520247613454e-06,Türkiye,TUR,ankara,,,Windows-10-10.0.26100-SP0,3.11.9,2.3.2,20,12th Gen Intel(R) Core(TM) i7-12700H,1,1 x NVIDIA GeForce RTX 3050 Ti Laptop GPU,32.8262,39.9786,15.750080108642578,process,N,1.0
2025-08-14T02:14:33,json_parsing,b5d8e18a-39a8-4f87-868f-a60766d37bf9,0.0298151969909667,1.51571271721176e-07,5.0836917752748025e-06,42.5,0.0,0.0433330535888671,3.519849644766914e-07,0.0,1.7795271257152003e-10,3.521629171892629e-07,Türkiye,TUR,ankara,,,Windows-10-10.0.26100-SP0,3.11.9,2.3.2,20,12th Gen Intel(R) Core(TM) i7-12700H,1,1 x NVIDIA GeForce RTX 3050 Ti Laptop GPU,32.8262,39.9786,15.750080108642578,process,N,1.0
2025-08-14T02:22:13,json_parsing,ee727921-1a71-48e6-88c1-c877c3ce3979,0.5300285816192627,2.720316265992968e-06,5.132395422303966e-06,42.5,0.4696690353817461,0.0432415008544921,6.245527830388811e-06,6.888894399370572e-08,6.0059616077978725e-09,6.320422735990315e-06,Türkiye,TUR,ankara,,,Windows-10-10.0.26100-SP0,3.11.9,2.3.2,20,12th Gen Intel(R) Core(TM) i7-12700H,1,1 x NVIDIA GeForce RTX 3050 Ti Laptop GPU,32.8262,39.9786,15.750080108642578,process,N,1.0
2025-08-14T02:22:20,json_parsing,a78d0fed-233f-4fb8-9323-7d38b7a1d3d9,0.4989485740661621,2.5632993730420385e-06,5.137401941351449e-06,42.5,0.4297635361966079,0.043128490447998,5.890365110503303e-06,5.9444491995463984e-08,5.797780016697137e-09,5.9556073825154645e-06,Türkiye,TUR,ankara,,,Windows-10-10.0.26100-SP0,3.11.9,2.3.2,20,12th Gen Intel(R) Core(TM) i7-12700H,1,1 x NVIDIA GeForce RTX 3050 Ti Laptop GPU,32.8262,39.9786,15.750080108642578,process,N,1.0
2025-08-14T02:22:26,json_parsing,a4f14d31-4afd-4a4c-9e64-aaf7a913e855,0.5012645721435547,2.5764161947855444e-06,5.139833010276452e-06,42.5,0.4500447817764851,0.0435333251953125,5.917706754472521e-06,6.250004999652782e-08,5.8763941888173584e-09,5.986083198657866e-06,Türkiye,TUR,ankara,,,Windows-10-10.0.26100-SP0,3.11.9,2.3.2,20,12th Gen Intel(R) Core(TM) i7-12700H,1,1 x NVIDIA GeForce RTX 3050 Ti Laptop GPU,32.8262,39.9786,15.750080108642578,process,N,1.0
2025-08-14T02:24:58,json_parsing,1c8c7f0f-bbe9-43bc-bf98-ac38623e7a45,0.5392038822174072,2.7673426586654487e-06,5.132275100255407e-06,42.5,0.4672350211815233,0.0432929992675781,6.353791058063508e-06,6.972227800661204e-08,6.171210818592953e-09,6.429684546888712e-06,Türkiye,TUR,ankara,,,Windows-10-10.0.26100-SP0,3.11.9,2.3.2,20,12th Gen Intel(R) Core(TM) i7-12700H,1,1 x NVIDIA GeForce RTX 3050 Ti Laptop GPU,32.8262,39.9786,15.750080108642578,process,N,1.0
2025-08-14T02:25:05,json_parsing,a231109f-c299-45c5-9c41-f3439c30cc7f,0.5353960990905762,2.760697731613985e-06,5.156365046931246e-06,42.5,0.6692965867616675,0.043487548828125,6.3088408774799776e-06,9.916674598153818e-08,6.238002394335733e-09,6.414245625855852e-06,Türkiye,TUR,ankara,,,Windows-10-10.0.26100-SP0,3.11.9,2.3.2,20,12th Gen Intel(R) Core(TM) i7-12700H,1,1 x NVIDIA GeForce RTX 3050 Ti Laptop GPU,32.8262,39.9786,15.750080108642578,process,N,1.0
2025-08-14T02:25:12,json_parsing,773c43f8-c7b7-46f9-911b-e5fd514d9696,0.509537935256958,2.6305340913571694e-06,5.162587335191444e-06,42.5,0.6499896361717034,0.0435147285461425,6.015378402339088e-06,9.055562802395832e-08,5.887483427973924e-09,6.1118215137910204e-06,Türkiye,TUR,ankara,,,Windows-10-10.0.26100-SP0,3.11.9,2.3.2,20,12th Gen Intel(R) Core(TM) i7-12700H,1,1 x NVIDIA GeForce RTX 3050 Ti Laptop GPU,32.8262,39.9786,15.750080108642578,process,N,1.0
2025-08-14T02:25:59,json_parsing,aae77a24-0caa-497b-971f-bde440dea952,0.5211138725280762,2.645234494431953e-06,5.076116054249611e-06,42.5,0.0,0.0427594184875488,6.1401440037621394e-06,0.0,5.8326422771415315e-09,6.145976646039281e-06,Türkiye,TUR,ankara,,,Windows-10-10.0.26100-SP0,3.11.9,2.3.2,20,12th Gen Intel(R) Core(TM) i7-12700H,1,1 x NVIDIA GeForce RTX 3050 Ti Laptop GPU,32.8262,39.9786,15.750080108642578,process,N,1.0
2025-08-14T02:26:06,json_parsing,53736185-e2bb-40a3-a7b2-0f4766aa01d2,0.5096471309661865,2.608941530140401e-06,5.119113542725891e-06,42.5,0.4461909382976431,0.0434317588806152,5.993027157253689e-06,6.277782799157805e-08,5.848054920534196e-09,6.0616530401658014e-06,Türkiye,TUR,ankara,,,Windows-10-10.0.26100-SP0,3.11.9,2.3.2,20,12th Gen Intel(R) Core(TM) i7-12700H,1,1 x NVIDIA GeForce RTX 3050 Ti Laptop GPU,32.8262,39.9786,15.750080108642578,process,N,1.0
2025-08-14T02:26:12,json_parsing,8acf93bb-8ea7-416c-8d44-76b8479b6ff3,0.4993553161621094,2.567422625640654e-06,5.141474502310441e-06,42.5,0.4635247847873169,0.0434188842773437,5.895166926913792e-06,6.416671799458484e-08,5.853763207899949e-09,5.965187408116277e-06,Türkiye,TUR,ankara,,,Windows-10-10.0.26100-SP0,3.11.9,2.3.2,20,12th Gen Intel(R) Core(TM) i7-12700H,1,1 x NVIDIA GeForce RTX 3050 Ti Laptop GPU,32.8262,39.9786,15.750080108642578,process,N,1.0
2025-08-14T02:26:51,json_parsing,5eaec8eb-0a2a-4d7b-810f-359a183d7c58,0.5287303924560547,2.714780153482349e-06,5.134526390419267e-06,42.5,0.4879163445409009,0.0433430671691894,6.2301485074890994e-06,7.138894603242464e-08,6.022597413182969e-09,6.307560050934707e-06,Türkiye,TUR,ankara,,,Windows-10-10.0.26100-SP0,3.11.9,2.3.2,20,12th Gen Intel(R) Core(TM) i7-12700H,1,1 x NVIDIA GeForce RTX 3050 Ti Laptop GPU,32.8262,39.9786,15.750080108642578,process,N,1.0
2025-08-14T02:30:07,json_parsing,980d3d9f-472a-41d3-a4d5-44eb8bbb83e9,0.5323996543884277,2.7570737820946223e-06,5.178579210878147e-06,42.5,0.7753125625939916,0.0431056022644043,6.285273697641161e-06,1.1444453595910177e-07,6.10745475692435e-09,6.405825688357188e-06,Türkiye,TUR,ankara,,,Windows-10-10.0.26100-SP0,3.11.9,2.3.2,20,12th Gen Intel(R) Core(TM) i7-12700H,1,1 x NVIDIA GeForce RTX 3050 Ti Laptop GPU,32.8262,39.9786,15.750080108642578,process,N,1.0
2025-08-14T02:30:13,json_parsing,f0004a93-d650-409a-909c-0921d55caf90,0.4942219257354736,2.540597265766081e-06,5.140600069463339e-06,42.5,0.4571029235699883,0.0435547828674316,5.834564401043786e-06,6.250004996877223e-08,5.796522279979399e-09,5.902860973292537e-06,Türkiye,TUR,ankara,,,Windows-10-10.0.26100-SP0,3.11.9,2.3.2,20,12th Gen Intel(R) Core(TM) i7-12700H,1,1 x NVIDIA GeForce RTX 3050 Ti Laptop GPU,32.8262,39.9786,15.750080108642578,process,N,1.0
2025-08-14T02:30:19,json_parsing,22d4eb4c-59a3-47b6-b876-9bf87c534636,0.4982767105102539,2.556007696255593e-06,5.129695292477439e-06,42.5,0.4513611084701291,0.043318748474121,5.870634317398072e-06,6.222227200147756e-08,5.8092042570478955e-09,5.938665793656597e-06,Türkiye,TUR,ankara,,,Windows-10-10.0.26100-SP0,3.11.9,2.3.2,20,12th Gen Intel(R) Core(TM) i7-12700H,1,1 x NVIDIA GeForce RTX 3050 Ti Laptop GPU,32.8262,39.9786,15.750080108642578,process,N,1.0
2025-08-14T02:35:04,codecarbon,bdcb5395-6324-4945-990e-b2b904b33242,6.216468095779419,3.602964002344514e-05,5.795837679583194e-06,42.5,0.5833936038312298,5.906280040740967,7.338885946406259e-05,9.291674100131432e-07,9.393767530317234e-06,8.371179440439297e-05,Türkiye,TUR,ankara,,,Windows-10-10.0.26100-SP0,3.11.9,2.3.2,20,12th Gen Intel(R) Core(TM) i7-12700H,1,1 x NVIDIA GeForce RTX 3050 Ti Laptop GPU,32.8262,39.9786,15.750080108642578,machine,N,1.0
2025-08-14T02:40:01,codecarbon,89228174-3787-4906-a008-d04389b0414c,5.339900493621826,3.730626907920862e-05,6.986322895673543e-06,42.5,10.056582500140236,5.906280040740967,6.302869005335702e-05,1.4911400817996244e-05,8.737842217112188e-06,8.667793308846545e-05,Türkiye,TUR,ankara,,,Windows-10-10.0.26100-SP0,3.11.9,2.3.2,20,12th Gen Intel(R) Core(TM) i7-12700H,1,1 x NVIDIA GeForce RTX 3050 Ti Laptop GPU,32.8262,39.9786,15.750080108642578,machine,N,1.0
2025-08-14T02:44:01,codecarbon,911a162e-6f67-4ce4-b33c-aa26d03741a1,0.6798996925354004,4.141476269327656e-06,6.091304812749303e-06,42.5,2.7172158422269312,5.906280040740967,8.014853629801009e-06,5.116670759863773e-07,1.0958460390102686e-06,9.622366744797654e-06,Türkiye,TUR,ankara,,,Windows-10-10.0.26100-SP0,3.11.9,2.3.2,20,12th Gen Intel(R) Core(TM) i7-12700H,1,1 x NVIDIA GeForce RTX 3050 Ti Laptop GPU,32.8262,39.9786,15.750080108642578,machine,N,1.0
2025-08-14T02:47:39,codecarbon,3778c8c6-f360-48c1-81d8-22797c239178,47.00488495826721,0.0002819954270807,5.999279167072019e-06,42.5,109.05870963700268,5.906280040740967,0.0005548965139521,2.9037245452001592e-05,7.125855446303206e-05,0.0006551923138671,Türkiye,TUR,ankara,,,Windows-10-10.0.26100-SP0,3.11.9,2.3.2,20,12th Gen Intel(R) Core(TM) i7-12700H,1,1 x NVIDIA GeForce RTX 3050 Ti Laptop GPU,32.8262,39.9786,15.750080108642578,machine,N,1.0
2025-08-14T02:49:06,codecarbon,8e1deb45-c1e5-4ce5-934c-29033d9854fb,48.39482140541077,0.0002920006586027,6.033717040849912e-06,42.5,26.96953713894612,5.906280040740967,0.0005713041883375,3.440558307998831e-05,7.272884420532819e-05,0.0006784386156229,Türkiye,TUR,ankara,,,Windows-10-10.0.26100-SP0,3.11.9,2.3.2,20,12th Gen Intel(R) Core(TM) i7-12700H,1,1 x NVIDIA GeForce RTX 3050 Ti Laptop GPU,32.8262,39.9786,15.750080108642578,machine,N,1.0
2025-08-14T13:57:23,codecarbon,8e585371-6c7e-42aa-9078-c27adc299f40,5.281846046447754,3.503229607298312e-05,6.632585608310885e-06,42.5,7.079024534538104,5.906280040740967,6.235512693723044e-05,1.038028608200004e-05,8.65913781355829e-06,8.139455083278877e-05,Türkiye,TUR,ankara,,,Windows-10-10.0.26100-SP0,3.11.9,2.3.2,20,12th Gen Intel(R) Core(TM) i7-12700H,1,1 x NVIDIA GeForce RTX 3050 Ti Laptop GPU,32.8262,39.9786,15.750080108642578,machine,N,1.0
2025-08-14T14:03:55,codecarbon,e0e8f5e2-443c-40eb-bc47-6095f906cbbb,5.7803568840026855,3.836663765939454e-05,6.637416759780937e-06,42.5,7.114292868729001,5.906280040740967,6.824032432503171e-05,1.1421120247999993e-05,9.480164436693033e-06,8.914160900972474e-05,Türkiye,TUR,ankara,,,Windows-10-10.0.26100-SP0,3.11.9,2.3.2,20,12th Gen Intel(R) Core(TM) i7-12700H,1,1 x NVIDIA GeForce RTX 3050 Ti Laptop GPU,32.8262,39.9786,15.750080108642578,machine,N,1.0
2025-08-14T14:19:39,codecarbon,65b0d0e6-9a3a-4756-af10-231c7cbb5f10,0.6242179870605469,4.228198038593326e-06,6.773592120444946e-06,42.5,8.373282443226785,5.906280040740967,7.357443869113922e-06,1.4472233800000593e-06,1.0191901271312533e-06,9.823857376245237e-06,Türkiye,TUR,ankara,,,Windows-10-10.0.26100-SP0,3.11.9,2.3.2,20,12th Gen Intel(R) Core(TM) i7-12700H,1,1 x NVIDIA GeForce RTX 3050 Ti Laptop GPU,32.8262,39.9786,15.750080108642578,machine,N,1.0
2025-08-14T16:41:04,codecarbon,6ff4fe75-0098-474f-ad57-bb440c6a4917,16.357428312301636,9.738928805765268e-05,5.953826371619239e-06,42.5,2.023267105578247,5.906280040740967,0.0001931085286868,8.462784548000121e-06,2.4704387931349746e-05,0.0002262757011662,Türkiye,TUR,ankara,,,Windows-10-10.0.26100-SP0,3.11.9,2.3.2,20,12th Gen Intel(R) Core(TM) i7-12700H,1,1 x NVIDIA GeForce RTX 3050 Ti Laptop GPU,32.8262,39.9786,15.750080108642578,machine,N,1.0
2025-08-14T16:44:14,codecarbon,c43f26ad-010c-40f0-8d97-f259420edf7d,6.545417547225952,3.786207563441463e-05,5.784516474500722e-06,42.5,0.511486201109146,5.906280040740967,7.727229048808416e-05,8.536117940001042e-07,9.843399913808924e-06,8.79693021958932e-05,Türkiye,TUR,ankara,,,Windows-10-10.0.26100-SP0,3.11.9,2.3.2,20,12th Gen Intel(R) Core(TM) i7-12700H,1,1 x NVIDIA GeForce RTX 3050 Ti Laptop GPU,32.8262,39.9786,15.750080108642578,machine,N,1.0
2025-08-14T16:47:08,codecarbon,0cb1521a-daab-48c2-b6ce-1a1881cff696,15.149733066558838,8.955017335597501e-05,5.911006679955698e-06,42.5,1.6516585160424253,5.906280040740967,0.000178851015369,6.384171773999876e-06,2.282699987778557e-05,0.0002080621870208,Türkiye,TUR,ankara,,,Windows-10-10.0.26100-SP0,3.11.9,2.3.2,20,12th Gen Intel(R) Core(TM) i7-12700H,1,1 x NVIDIA GeForce RTX 3050 Ti Laptop GPU,32.8262,39.9786,15.750080108642578,machine,N,1.0
2025-08-14T18:33:13,codecarbon,944e6a4a-e6dc-415c-b262-fd7824c3c447,0.3536112308502197,2.4775789021398647e-06,7.006505127630692e-06,42.5,10.26060510980922,5.906280040740967,4.17457703087065e-06,1.005000803999982e-06,5.76865347510136e-07,5.756443182380767e-06,Türkiye,TUR,ankara,,,Windows-10-10.0.26100-SP0,3.11.9,2.3.2,20,12th Gen Intel(R) Core(TM) i7-12700H,1,1 x NVIDIA GeForce RTX 3050 Ti Laptop GPU,32.8262,39.9786,15.750080108642578,machine,N,1.0
2025-08-14T18:33:24,codecarbon,c15fdfd9-5a31-4c6f-b330-7e2bd1747fc3,0.6265084743499756,3.677628009761421e-06,5.8700371348960405e-06,42.5,0.7910231454226052,5.906280040740967,7.384478714731005e-06,1.3722233199991304e-07,1.0229538443158504e-06,8.544654891046769e-06,Türkiye,TUR,ankara,,,Windows-10-10.0.26100-SP0,3.11.9,2.3.2,20,12th Gen Intel(R) Core(TM) i7-12700H,1,1 x NVIDIA GeForce RTX 3050 Ti Laptop GPU,32.8262,39.9786,15.750080108642578,machine,N,1.0
2025-08-14T18:34:13,codecarbon,e50fd24c-1cb5-421a-aeee-5b76b7a959d9,0.0971097946166992,1.7111848176841615e-06,1.7621135174246392e-05,42.5,100.1334930586376,5.906280040740967,1.1464350753360326e-06,2.673335471999917e-06,1.5602137155866557e-07,3.975791918894616e-06,Türkiye,TUR,ankara,,,Windows-10-10.0.26100-SP0,3.11.9,2.3.2,20,12th Gen Intel(R) Core(TM) i7-12700H,1,1 x NVIDIA GeForce RTX 3050 Ti Laptop GPU,32.8262,39.9786,15.750080108642578,machine,N,1.0
2025-08-14T18:36:37,codecarbon,13098689-8c67-4f1e-b540-a299c498b8bc,0.7657756805419922,4.518674041779255e-06,5.900780289315375e-06,42.5,1.2911866677115522,5.906280040740967,8.981381025579241e-06,2.725002179999967e-07,1.244872341517578e-06,1.0498753585096816e-05,Türkiye,TUR,ankara,,,Windows-10-10.0.26100-SP0,3.11.9,2.3.2,20,12th Gen Intel(R) Core(TM) i7-12700H,1,1 x NVIDIA GeForce RTX 3050 Ti Laptop GPU,32.8262,39.9786,15.750080108642578,machine,N,1.0
2025-08-14T18:59:36,json_parsing,0a7a4860-e751-4b1a-ad90-50568d714f45,0.5415096282958984,2.74910202550884e-06,5.076737110215594e-06,42.5,0.0,0.0430841445922851,6.381008856826359e-06,0.0,6.295135285275439e-09,6.387303992111635e-06,Türkiye,TUR,ankara,,,Windows-10-10.0.26100-SP0,3.11.9,2.3.2,20,12th Gen Intel(R) Core(TM) i7-12700H,1,1 x NVIDIA GeForce RTX 3050 Ti Laptop GPU,32.8262,39.9786,15.750080108642578,process,N,1.0
2025-08-14T18:59:42,json_parsing,0b41674f-6c04-446f-8645-08ca9604450a,0.5362153053283691,2.722214737504036e-06,5.076719575986361e-06,42.5,0.0,0.0434317588806152,6.3185345795419485e-06,0.0,6.299093019303351e-09,6.324833672561252e-06,Türkiye,TUR,ankara,,,Windows-10-10.0.26100-SP0,3.11.9,2.3.2,20,12th Gen Intel(R) Core(TM) i7-12700H,1,1 x NVIDIA GeForce RTX 3050 Ti Laptop GPU,32.8262,39.9786,15.750080108642578,process,N,1.0
2025-08-14T18:59:48,json_parsing,42bed98e-fe87-4386-86e0-82651428cce8,0.0272939205169677,1.387373879863176e-07,5.08308756523523e-06,42.5,0.0,0.0432415008544921,3.222198949919807e-07,0.0,1.2458837659323762e-10,3.223444833685739e-07,Türkiye,TUR,ankara,,,Windows-10-10.0.26100-SP0,3.11.9,2.3.2,20,12th Gen Intel(R) Core(TM) i7-12700H,1,1 x NVIDIA GeForce RTX 3050 Ti Laptop GPU,32.8262,39.9786,15.750080108642578,process,N,1.0
2025-08-14T19:01:45,json_parsing,8434eb10-fde2-4d7b-9172-2e28ae1244df,0.0266692638397216,2.119612404720776e-07,7.947772452435627e-06,42.5,28.187608722175103,0.042421817779541,3.148454758856032e-07,1.77500142000157e-07,1.2823898742908568e-10,4.924738568731893e-07,Türkiye,TUR,ankara,,,Windows-10-10.0.26100-SP0,3.11.9,2.3.2,20,12th Gen Intel(R) Core(TM) i7-12700H,1,1 x NVIDIA GeForce RTX 3050 Ti Laptop GPU,32.8262,39.9786,15.750080108642578,process,N,1.0
2025-08-14T19:01:50,json_parsing,0eb467e0-45a0-4a14-b591-3f2dcd28a7df,0.0189924240112304,1.720324232771368e-07,9.057949800163042e-06,42.5,39.66498516322242,0.0430641174316406,2.1240860223770145e-07,1.872223719999542e-07,7.168276624724966e-11,3.997026570039029e-07,Türkiye,TUR,ankara,,,Windows-10-10.0.26100-SP0,3.11.9,2.3.2,20,12th Gen Intel(R) Core(TM) i7-12700H,1,1 x NVIDIA GeForce RTX 3050 Ti Laptop GPU,32.8262,39.9786,15.750080108642578,process,N,1.0
2025-08-14T19:01:55,json_parsing,f0368600-bf4b-4e1a-9c23-14734c56171a,0.0230000019073486,1.1690222067113361e-07,5.082704825071456e-06,42.5,0.0,0.0434575080871582,2.715278002950881e-07,0.0,8.453487870004513e-11,2.716123351737881e-07,Türkiye,TUR,ankara,,,Windows-10-10.0.26100-SP0,3.11.9,2.3.2,20,12th Gen Intel(R) Core(TM) i7-12700H,1,1 x NVIDIA GeForce RTX 3050 Ti Laptop GPU,32.8262,39.9786,15.750080108642578,process,N,1.0
2025-08-14T19:58:16,codecarbon,73c0d50a-bfd2-4970-9bbf-d8b32f5b7bb2,6.449233770370483,3.725849706793832e-05,5.777197477181536e-06,42.5,0.4881762637336251,5.906280040740967,7.604234152370029e-05,8.036117539998461e-07,9.72098561867398e-06,8.656693889637411e-05,Türkiye,TUR,ankara,,,Windows-10-10.0.26100-SP0,3.11.9,2.3.2,20,12th Gen Intel(R) Core(TM) i7-12700H,1,1 x NVIDIA GeForce RTX 3050 Ti Laptop GPU,32.8262,39.9786,15.750080108642578,machine,N,1.0
2025-08-14T22:52:23,codecarbon,2abc4ec5-a921-4f1d-bdcb-7daa64731965,6.342679262161255,3.67932460427586e-05,5.80089967062616e-06,42.5,0.6398387463293541,5.906280040740967,7.487885240051482e-05,1.036945273999966e-06,9.570170161894964e-06,8.548596783640976e-05,Türkiye,TUR,ankara,,,Windows-10-10.0.26100-SP0,3.11.9,2.3.2,20,12th Gen Intel(R) Core(TM) i7-12700H,1,1 x NVIDIA GeForce RTX 3050 Ti Laptop GPU,32.8262,39.9786,15.750080108642578,machine,N,1.0
2025-08-14T22:55:15,codecarbon,af08e418-f3e9-4952-9949-40d255d19417,6.2972800731658936,3.65311025847185e-05,5.801092243044044e-06,42.5,0.6500186529944149,5.906280040740967,7.43310794234276e-05,1.0455563920000466e-06,9.500264063333076e-06,8.487689987876072e-05,Türkiye,TUR,ankara,,,Windows-10-10.0.26100-SP0,3.11.9,2.3.2,20,12th Gen Intel(R) Core(TM) i7-12700H,1,1 x NVIDIA GeForce RTX 3050 Ti Laptop GPU,32.8262,39.9786,15.750080108642578,machine,N,1.0
2025-08-15T01:48:41,codecarbon,e0027a90-303a-48c0-a854-5f50f136bd09,1.571768283843994,8.97467178627342e-06,5.709920398905442e-06,42.5,2.476234566467256,5.906280040740967,1.855559779538049e-05,6.78333875998513e-07,1.617952469860029e-06,2.085188414123903e-05,Türkiye,TUR,ankara,,,Windows-10-10.0.26100-SP0,3.11.9,2.3.2,20,12th Gen Intel(R) Core(TM) i7-12700H,1,1 x NVIDIA GeForce RTX 3050 Ti Laptop GPU,32.8262,39.9786,15.750080108642578,machine,N,1.0
2025-08-15T01:49:13,json_parsing,ce268a8c-3a3e-40a4-8b24-b3be54ef821e,2.9449923038482666,1.53377756265591e-05,5.20808682811055e-06,42.5,1.2544585812078677,0.043245792388916,3.476727025376426e-05,8.402784499993848e-07,2.846428542341073e-08,3.563601298918705e-05,Türkiye,TUR,ankara,,,Windows-10-10.0.26100-SP0,3.11.9,2.3.2,20,12th Gen Intel(R) Core(TM) i7-12700H,1,1 x NVIDIA GeForce RTX 3050 Ti Laptop GPU,32.8262,39.9786,15.750080108642578,process,N,1.0
2025-08-15T01:52:10,json_parsing,48884b92-3b90-4be4-8f8f-4bd2a7ed32bc,2.790721654891968,1.452629141879217e-05,5.205209696684889e-06,42.5,1.3050378460775818,0.0427436828613281,3.290705333153407e-05,8.172228760008199e-07,2.6322463918404543e-08,3.375059867145329e-05,Türkiye,TUR,ankara,,,Windows-10-10.0.26100-SP0,3.11.9,2.3.2,20,12th Gen Intel(R) Core(TM) i7-12700H,1,1 x NVIDIA GeForce RTX 3050 Ti Laptop GPU,32.8262,39.9786,15.750080108642578,process,N,1.0
2025-08-15T01:52:10,json_parsing,48884b92-3b90-4be4-8f8f-4bd2a7ed32bc,2.909267902374268,1.5137566872710152e-05,5.203222040966496e-06,42.5,2.781804972002054,0.0436420440673828,3.424148543013467e-05,9.02222944000608e-07,2.7136658079219465e-08,3.5170845032214494e-05,Türkiye,TUR,ankara,,,Windows-10-10.0.26100-SP0,3.11.9,2.3.2,20,12th Gen Intel(R) Core(TM) i7-12700H,1,1 x NVIDIA GeForce RTX 3050 Ti Laptop GPU,32.8262,39.9786,15.750080108642578,process,N,1.0
2025-08-15T01:52:19,json_parsing,1b6d6b04-c5b2-4ee8-a5b5-53faecc296fc,2.886975049972534,1.513932136421876e-05,5.244008383225477e-06,42.5,1.6414123152446705,0.043436050415039,3.408234433995353e-05,1.064723074000254e-06,2.7854029580870094e-08,3.517492144353465e-05,Türkiye,TUR,ankara,,,Windows-10-10.0.26100-SP0,3.11.9,2.3.2,20,12th Gen Intel(R) Core(TM) i7-12700H,1,1 x NVIDIA GeForce RTX 3050 Ti Laptop GPU,32.8262,39.9786,15.750080108642578,process,N,1.0
2025-08-15T01:52:20,json_parsing,1b6d6b04-c5b2-4ee8-a5b5-53faecc296fc,2.9562971591949463,1.5522855900614653e-05,5.250776584598082e-06,42.5,3.750610172097333,0.0437164306640625,3.4900730351607e-05,1.136945354000482e-06,2.835550857336481e-08,3.606603121418085e-05,Türkiye,TUR,ankara,,,Windows-10-10.0.26100-SP0,3.11.9,2.3.2,20,12th Gen Intel(R) Core(TM) i7-12700H,1,1 x NVIDIA GeForce RTX 3050 Ti Laptop GPU,32.8262,39.9786,15.750080108642578,process,N,1.0
2025-08-15T01:52:29,json_parsing,cfa032bd-84a4-4686-b4f3-6acf0f162140,2.7883102893829346,1.4546602796920284e-05,5.216995702490311e-06,42.5,1.4193135295067056,0.0432729721069335,3.289728081888623e-05,8.741673659991983e-07,2.634224060216184e-08,3.379779042548759e-05,Türkiye,TUR,ankara,,,Windows-10-10.0.26100-SP0,3.11.9,2.3.2,20,12th Gen Intel(R) Core(TM) i7-12700H,1,1 x NVIDIA GeForce RTX 3050 Ti Laptop GPU,32.8262,39.9786,15.750080108642578,process,N,1.0
2025-08-15T01:52:29,json_parsing,cfa032bd-84a4-4686-b4f3-6acf0f162140,2.9026224613189697,1.5222947176239882e-05,5.2445494993249934e-06,42.5,6.963393515522042,0.04411125183105469,3.424679951535331e-05,1.0952786540004839e-06,2.7140713129938374e-08,3.536921888248373e-05,Türkiye,TUR,ankara,,,Windows-10-10.0.26100-SP0,3.11.9,2.3.2,20,12th Gen Intel(R) Core(TM) i7-12700H,1,1 x NVIDIA GeForce RTX 3050 Ti Laptop GPU,32.8262,39.9786,15.750080108642578,process,N,1.0
